motivo,barrio_codigo,barrio_nombre,upz_codigo,candidato_fuente,candidato_id,candidato_nombre
ambiguo,5144,VILLA CASTILLA,46,barrio_legalizado,387608,VILLA CASTILLA
ambiguo,5144,VILLA CASTILLA,46,barrio_legalizado,389260,VILLA CASTILLA
sin_match,1,ABRAHAM LINCOLN,47,,,
sin_match,3,AGRUPACION DE VIVIENDA EL PARAISO,47,,,
sin_match,4,CASA BLANCA I ETAPA,47,,,
sin_match,5,CASA BLANCA II ETAPA,47,,,
sin_match,6,CENTRO CIVICO CIUDAD KENNEDY,47,,,
sin_match,11,CIUDAD KENNEDY SUPER MZ. 10,47,,,
sin_match,12,CIUDAD KENNEDY SUPER MZ. 13,47,,,
sin_match,14,CONJUNTO RESIDENCIA MANUEL MEJIA,47,,,
sin_match,15,EL DESCANSO,47,,,
sin_match,16,KENNEDY NORTE SUPER MZ.11,47,,,
sin_match,17,KENNEDY OCCIDENTAL MZ. 14,47,,,
sin_match,18,KENNEDY OCCIDENTAL MZ.15,47,,,
sin_match,19,KENNEDY ORIENTAL SUPER MZ.7,47,,,
sin_match,20,KENNEDY ORIENTAL SUPER MZ. 3,47,,,
sin_match,21,KENNEDY ORIENTAL SUPER MZ. 6,47,,,
sin_match,22,KENNEDY ORIENTAL SUPER MZ.2,47,,,
sin_match,23,KENNEDY ORIENTAL SUPER MZ.5,47,,,
sin_match,24,KENNEDY SUPERMANZANA I,47,,,
sin_match,26,LA GIRALDILLA II,47,,,
sin_match,27,MIRAFLORES KENNEDY,47,,,
sin_match,28,MULTIFAMILIAR TECHO,47,,,
sin_match,29,NUEVO KENNEDY,47,,,
sin_match,30,NVO. KENNEDY EL DESCANSO,47,,,
sin_match,33,SUPERMANZANA 16,47,,,
sin_match,34,SUPERMANZANA 9B,47,,,
sin_match,36,UNIDAD RESIDENCIAL AYACUCHO 2 S.MZ,47,,,
sin_match,37,URB. KENNEDY SUPER MZ.8,47,,,
sin_match,38,URB. MANDALAY ETAPA C ZONA 73,47,,,
sin_match,39,URBANIZACION ARBOLETE CASABLANCA,47,,,
sin_match,40,URBANIZACION BANDERAS,47,,,
sin_match,41,URBANIZACION EXPERIMENTAL KENNEDY,47,,,
sin_match,42,URBANIZACION SINAI,47,,,
sin_match,43,GRUP. FRANCISCO JOSE DE CALDAS.,47,,,
sin_match,703,BARRANCUILLITA,82,,,
sin_match,704,BELAVISTA,82,,,
sin_match,710,EL PARADOR,82,,,
sin_match,711,EL PATIO II SECTOR,82,,,
sin_match,712,EL ROSARIO I,82,,,
sin_match,715,EL TRIUNFO,82,,,
sin_match,718,LA RIVERA,82,,,
sin_match,719,LA RIVIERA II SECTOR,82,,,
sin_match,722,LAS PALMERAS,82,,,
sin_match,726,NUEVA ESPERANZA,82,,,
sin_match,727,PARQUES DEL TINTAL (CAMPO ALEGRE LONDOÑO),82,,,
sin_match,728,PATIO BONITO I,82,,,
sin_match,732,SAN MARINO,82,,,
sin_match,739,URBANIZACION DINADULTO II ETAPA,82,,,
sin_match,741,VILLA ANDREA,82,,,
sin_match,1001,ALOHA,113,,,
sin_match,1002,ALSACIA,113,,,
sin_match,1003,ATICOS DE LAS AMERICAS,113,,,
sin_match,1005,EL CONDADO DE LA PAZ,113,,,
sin_match,1006,LOS PINOS DE MARSELLA,113,,,
sin_match,1007,LUCITANIA,113,,,
sin_match,1009,MARSELLA SECTOR NORTE I Y II ETAPA,113,,,
sin_match,1010,MULTIFAMILIARES LA PAZ EL FERROL,113,,,
sin_match,1011,NUESTRA SEÑORA DE LA PAZ,113,,,
sin_match,1012,SAN JOSE OCCIDENTAL,113,,,
sin_match,1013,UNIDAD OVIEDO,113,,,
sin_match,4401,AGRUPACION PIO X,44,,,
sin_match,4402,AGRUPACION MULTIFAMILIAR VILLA EMILIA,44,,,
sin_match,4403,ALFEREZ REAL,44,,,
sin_match,4404,AMERICAS CENTRAL,44,,,
sin_match,4405,"AMERICAS OCCIDENTAL I, II Y III ETAPA",44,,,
sin_match,4406,ANTIGUO HIPODROMO DE TECHO II ETAPA,44,,,
sin_match,4407,CARVAJAL II SECTOR,44,,,
sin_match,4410,CONJUNTO RES. EL RINCON DE MANDALAY,44,,,
sin_match,4412,FUNDADORES,44,,,
sin_match,4413,GLORIETA DE LAS AMERICAS,44,,,
sin_match,4417,LA FLORESTA,44,,,
sin_match,4418,LA IGUALDAD,44,,,
sin_match,4419,LA LLANURA,44,,,
sin_match,4420,LA LLANURA MANZANA P,44,,,
sin_match,4421,LAS AMERICAS,44,,,
sin_match,4422,LAS AMERICAS SECTOR GALAN,44,,,
sin_match,4423,LOS SAUCES,44,,,
sin_match,4424,MANDALAY ETAPA A SECTOR II,44,,,
sin_match,4425,MANDALAY I SECTOR,44,,,
sin_match,4426,MARSELLA II SECTOR,44,,,
sin_match,4427,MULTIFAMILIARES VILLA ADRIANA MZ. H,44,,,
sin_match,4428,"NUEVA MARSELLA I, II Y III SECTOR",44,,,
sin_match,4429,PROVIVIENDA CENTRAL,44,,,
sin_match,4430,SANTA ROSA DE CARVAJAL,44,,,
sin_match,4431,URB. LOS LAURELES (SAUCES-ROBLES),44,,,
sin_match,4432,VILLA ADRIANA,44,,,
sin_match,4433,VILLA CLAUDIA,44,,,
sin_match,4435,MARSELLA III SECTOR,44,,,
sin_match,4513,DESARROLLO NUEVA YORK,45,,,
sin_match,4521,LA CHUCUA,45,,,
sin_match,4523,LOS CRISTALES,45,,,
sin_match,4524,LUCERNA,45,,,
sin_match,4526,MILENTA II Y III SECTOR,45,,,
sin_match,4527,MULTIFAMILIAR CARMIGUA,45,,,
sin_match,4533,SAN ANDRES II SECTOR,45,,,
sin_match,4801,ACIP,48,,,
sin_match,4802,ALAMEDA DE TIMIZA,48,,,
sin_match,4803,ALFONSO MONTAÑA,48,,,
sin_match,4806,BOITA I SECTOR,48,,,
sin_match,4807,BOITA II SECTOR,48,,,
sin_match,4812,EL JORDAN,48,,,
sin_match,4813,EL JORDAN II Y III,48,,,
sin_match,4814,EL PALENQUE,48,,,
sin_match,4815,EL PORVENIR II SECTOR,48,,,
sin_match,4816,EL PORVENIR MZ. A,48,,,
sin_match,4819,JUAN PABLO I,48,,,
sin_match,4821,LA UNIDAD,48,,,
sin_match,4822,LAGO TIMIZA I Y II ETAPA,48,,,
sin_match,4823,LAS LUCES,48,,,
sin_match,4825,NUEVA TIMIZA,48,,,
sin_match,4827,ONASSIS,48,,,
sin_match,4835,ROMA II (URB. BERTHA HERNANDEZ DE OSPINA),48,,,
sin_match,4837,SAN MARTIN DE PORRES,48,,,
sin_match,4840,TONOLI,48,,,
sin_match,4843,URB. BERTHA HERNANDEZ DE OSPINA,48,,,
sin_match,4845,URBANIZACION EL PARQUE,48,,,
sin_match,4846,URBANIZACION SANTA LUISA,48,,,
sin_match,4848,VILLA DE LOS SAUCES,48,,,
sin_match,5100,ALOHA SECTOR NORTE,46,,,
sin_match,5101,AGRUPACION DE VIVIENDA PIO XII,46,,,
sin_match,5104,"BAVARIA TECHO II SECTOR ,I Y II ETAPA",46,,,
sin_match,5105,BOSQUES DE CASTILLA,46,,,
sin_match,5106,CIUDAD DON BOSCO,46,,,
sin_match,5107,CIUDAD FAVIDI,46,,,
sin_match,5108,CIUDAD TECHO 1,46,,,
sin_match,5110,EL CONDADO DE LA PAZ,46,,,
sin_match,5111,EL PORTAL DE LAS AMERICAS,46,,,
sin_match,5112,EL RINCON DE CASTILLA,46,,,
sin_match,5113,EL RINCON DE LOS ANGELES,46,,,
sin_match,5116,EL VERGEL LOTE 4,46,,,
sin_match,5118,LAGOS DE CASTILLA,46,,,
sin_match,5119,LAS DOS AVENIDAS I ETAPA,46,,,
sin_match,5120,LAS DOS AVENIDAS II ETAPA,46,,,
sin_match,5122,MULTIFAMILIARES EL FERROL,46,,,
sin_match,5123,NUESTRA SEÑORA DE LA PAZ,46,,,
sin_match,5125,OVIEDO,46,,,
sin_match,5127,SAN JOSE OCCIDENTAL,46,,,
sin_match,5128,SAN JUAN DEL CASTILLO,46,,,
sin_match,5130,SANTA CECILIA,46,,,
sin_match,5132,URB. CASTILLA LOS MADRILES,46,,,
sin_match,5134,URBANIZACION CASTILLA LA NUEVA,46,,,
sin_match,5135,URBANIZACION CASTILLA LOS MANDRILES,46,,,
sin_match,5136,URBANIZACION CASTILLA REAL,46,,,
sin_match,5137,URBANIZACION CASTILLA RESERVADO,46,,,
sin_match,5138,URBANIZACION CATANIA,46,,,
sin_match,5139,URBANIZACION CATANIA CASTILLA,46,,,
sin_match,5145,VILLA GALANTE,46,,,
sin_match,5148,VISION DE COLOMBIA,46,,,
sin_match,7606,SANTA FE DEL TINTAL,79,,,
sin_match,7901,URBANIZACION UNIR UNO (PREDIO CALANDAIMA),79,,,
sin_match,7903,"CONJUNTO RESIDENCIAL PRADOS DE CASTILLA I, II Y III",79,,,
sin_match,8002,CHUCUA DE LA VACA,80,,,
sin_match,8004,EL LLANTITO,80,,,
sin_match,8008,LA CONCORDIA,80,,,
sin_match,8018,VILLA DE LA LOMA II SECTOR MZ.31 Y 32,80,,,
sin_match,8020,VILLA EMILIA AMPARO II SECTOR,80,,,
sin_match,8021,VILLA NELLY,80,,,
sin_match,8022,VILLA NELLY - LOS ALISOS,80,,,
sin_match,8023,VISTA HERMOSA (PORTAL PATIO BONITO),80,,,
sin_match,8102,BRITALITA,81,,,
sin_match,8103,CALARCA,81,,,
sin_match,8104,CALARCA II,81,,,
sin_match,8106,CLAUS,81,,,
sin_match,8107,EL ALMENAR,81,,,
sin_match,8112,PASTRANITA I SECTOR,81,,,
sin_match,8114,VILLA AINDREA,81,,,
sin_match,8115,VILLA ANITA,81,,,
sin_match,8116,VILLA CLEMENCIA SECTOR VILLA GRATA,81,,,
sin_match,8117,VILLA NELY,81,,,
sin_match,8302,OSORIO XI,83,,,
